"subj","condition","countFix_aoi","N","n_target","n_distractor","n_dud","p_target","p_distractor","p_dud","dur_target","dur_distractor","dur_dud"
"sub01",0,1,220,115,105,0,0.522727272727273,0.477272727272727,0,0.150001282609351,0.154206659028395,0
"sub01",0,2,67,40,27,0,0.597014925373134,0.402985074626866,0,0.149992609996116,0.18116684080343,0
"sub01",0,3,8,1,7,0,0.125,0.875,0,0.0416733003221452,0.208336728591738,0
"sub01",0,4,2,2,0,0,1,0,0,0.31247580004856,0,0
"sub01",0.3,1,202,98,70,34,0.485148514851485,0.346534653465347,0.168316831683168,0.142262297988945,0.145952558547391,0.136274414657451
"sub01",0.3,2,67,35,22,10,0.522388059701492,0.328358208955224,0.149253731343284,0.119758491444268,0.132197127275338,0.099169289926067
"sub01",0.3,3,13,4,8,1,0.307692307692308,0.615384615384615,0.0769230769230769,0.0875048000598325,0.104163600044558,0.274949099868536
"sub01",0.3,4,1,1,0,0,1,0,0,0.616673500044271,0,0
"sub01",0.5,1,211,85,82,44,0.402843601895735,0.388625592417062,0.208530805687204,0.156075343492386,0.130488687802515,0.120642568259923
"sub01",0.5,2,68,32,30,6,0.470588235294118,0.441176470588235,0.0882352941176471,0.108851462420716,0.117773493332788,0.0819513334427029
"sub01",0.5,3,11,5,3,3,0.454545454545455,0.272727272727273,0.272727272727273,0.248318480001762,0.175001000209401,0.116652266743282
"sub01",0.5,4,3,1,2,0,0.333333333333333,0.666666666666667,0,0.0416791997849941,0.0291686002165079,0
"sub01",0.5,5,2,1,1,0,0.5,0.5,0,0.0666648996993899,0.0166660002432764,0
"sub01",0.5,6,2,1,1,0,0.5,0.5,0,0.058415399864316,0.0333357001654804,0
"sub01",0.5,7,2,1,1,0,0.5,0.5,0,0.0999205000698566,0.033419699408114,0
"sub01",0.5,8,1,1,0,0,1,0,0,0.0249944003298879,0,0
"sub01",0.5,9,1,1,0,0,1,0,0,0.0499860006384552,0,0
"sub01",0.7,1,207,81,81,45,0.391304347826087,0.391304347826087,0.217391304347826,0.147937582745389,0.138373351859987,0.144998917868361
"sub01",0.7,2,70,31,28,11,0.442857142857143,0.4,0.157142857142857,0.126344635549392,0.128870360636418,0.105302081739699
"sub01",0.7,3,15,5,8,2,0.333333333333333,0.533333333333333,0.133333333333333,0.114998379861936,0.154176237381762,0.158334400039166
"sub01",0.7,4,4,2,0,2,0.5,0,0.5,0.141665049945004,0,0.0499975999118761
"sub01",0.7,5,1,0,1,0,0,1,0,0,0.1333244999405,0
"sub01",0.85,1,205,80,69,56,0.390243902439024,0.336585365853659,0.273170731707317,0.159787168720504,0.146131753600945,0.139134500030195
"sub01",0.85,2,71,26,31,14,0.366197183098592,0.436619718309859,0.197183098591549,0.140702896151477,0.167202409732366,0.126189414311999
"sub01",0.85,3,20,7,7,6,0.35,0.35,0.3,0.202377971361524,0.160714628540778,0.148617616621777
"sub01",0.85,4,4,2,0,2,0.5,0,0.5,0.166658550268039,0,0.158316749846563
"sub01",0.85,5,2,0,0,2,0,0,1,0,0,0.129183849785477
"sub01",0.95,1,209,85,77,47,0.406698564593301,0.368421052631579,0.22488038277512,0.149507151796099,0.149136010372963,0.158328312721619
"sub01",0.95,2,86,28,27,31,0.325581395348837,0.313953488372093,0.36046511627907,0.141077489276151,0.154627177734963,0.133064187086758
"sub01",0.95,3,23,5,7,11,0.217391304347826,0.304347826086957,0.478260869565217,0.233337219897657,0.205955214299528,0.226522736378353
"sub01",0.95,4,6,3,2,1,0.5,0.333333333333333,0.166666666666667,0.0750109667424113,0.283342650043778,0.133327400078997
"sub01",0.95,5,1,0,0,1,0,0,1,0,0,0.233318199869245
"sub02",0,1,263,131,132,0,0.498098859315589,0.501901140684411,0,0.208460638948311,0.20296404847459,0
"sub02",0,2,216,108,108,0,0.5,0.5,0,0.195832008299745,0.220061506504728,0
"sub02",0,3,77,36,41,0,0.467532467532468,0.532467532467532,0,0.170362302742433,0.18048724883077,0
"sub02",0,4,16,6,10,0,0.375,0.625,0,0.144437766595123,0.159164210013114,0
"sub02",0,5,3,1,2,0,0.333333333333333,0.666666666666667,0,0.266660499852151,0.204173250356689,0
"sub02",0,6,1,1,0,0,1,0,0,0.183299399912357,0,0
"sub02",0.3,1,271,133,110,28,0.490774907749078,0.40590405904059,0.103321033210332,0.20181709928333,0.191894998213022,0.150597428578684
"sub02",0.3,2,211,104,104,3,0.492890995260663,0.492890995260663,0.014218009478673,0.19734945289719,0.202001658677965,0.161106799961999
"sub02",0.3,3,75,23,50,2,0.306666666666667,0.666666666666667,0.0266666666666667,0.169925947865957,0.172496354067698,0.0749966003932059
"sub02",0.3,4,14,8,5,1,0.571428571428571,0.357142857142857,0.0714285714285714,0.235417100106133,0.196668879780918,0.0916665997356176
"sub02",0.3,5,1,1,0,0,1,0,0,0.241684599779546,0,0
"sub02",0.5,1,265,118,99,48,0.445283018867925,0.373584905660377,0.181132075471698,0.192724785613591,0.191748583835145,0.16562113542265
"sub02",0.5,2,217,106,109,2,0.488479262672811,0.502304147465438,0.00921658986175115,0.18215088396913,0.200452830270787,0.137508500018157
"sub02",0.5,3,88,28,47,13,0.318181818181818,0.534090909090909,0.147727272727273,0.136604164327894,0.204077019143176,0.135904215312061
"sub02",0.5,4,19,16,3,0,0.842105263157895,0.157894736842105,0,0.175517249925179,0.111100166570395,0
"sub02",0.5,5,4,1,3,0,0.25,0.75,0,0.258382000029087,0.172206899927308,0
"sub02",0.7,1,261,112,95,54,0.42911877394636,0.363984674329502,0.206896551724138,0.192035883935335,0.191399994752321,0.173297531497492
"sub02",0.7,2,203,98,93,12,0.482758620689655,0.458128078817734,0.0591133004926108,0.187237674539092,0.19103395055619,0.144442791623684
"sub02",0.7,3,96,25,37,34,0.260416666666667,0.385416666666667,0.354166666666667,0.174330231966451,0.189414883781275,0.136763682328712
"sub02",0.7,4,15,6,4,5,0.4,0.266666666666667,0.333333333333333,0.143059883499518,0.122909774887376,0.178338079852983
"sub02",0.7,5,3,1,2,0,0.333333333333333,0.666666666666667,0,0.283339799847454,0.0791702996939421,0
"sub02",0.7,6,1,0,0,1,0,0,1,0,0,0.14167240075767
"sub02",0.7,7,1,0,1,0,0,1,0,0,0.0249801995232701,0
"sub02",0.85,1,256,108,91,57,0.421875,0.35546875,0.22265625,0.201694349083549,0.19578399007966,0.183620221087742
"sub02",0.85,2,217,96,76,45,0.442396313364055,0.350230414746544,0.207373271889401,0.184281786467182,0.179821705261834,0.178328133369279
"sub02",0.85,3,99,29,36,34,0.292929292929293,0.363636363636364,0.343434343434343,0.162638800009957,0.157408975071222,0.148281682433341
"sub02",0.85,4,24,6,8,10,0.25,0.333333333333333,0.416666666666667,0.17777621668453,0.16667485004291,0.14667087008711
"sub02",0.85,5,7,3,0,4,0.428571428571429,0,0.571428571428571,0.127774966725459,0,0.162468575057574
"sub02",0.85,6,2,2,0,0,1,0,0,0.120837149908766,0,0
"sub02",0.85,7,1,0,1,0,0,1,0,0,0.449983099475503,0
"sub02",0.85,8,1,1,0,0,1,0,0,0.366681500338018,0,0
"sub02",0.95,1,263,103,84,76,0.391634980988593,0.319391634980989,0.288973384030418,0.194735445631487,0.197714066676175,0.1830019868365
"sub02",0.95,2,207,85,55,67,0.410628019323671,0.265700483091787,0.323671497584541,0.175486601138597,0.172577569011429,0.169898549306776
"sub02",0.95,3,96,21,38,37,0.21875,0.395833333333333,0.385416666666667,0.18690187617072,0.173460613219312,0.164636945956059
"sub02",0.95,4,28,14,9,5,0.5,0.321428571428571,0.178571428571429,0.182136178598739,0.125930611147649,0.110005840100348
"sub02",0.95,5,7,3,2,2,0.428571428571429,0.285714285714286,0.285714285714286,0.191651800026496,0.19168095011264,0.170836450066418
"sub03",0,1,277,167,110,0,0.602888086642599,0.397111913357401,0,0.183828691628477,0.160673736285588,0
"sub03",0,2,191,89,102,0,0.465968586387435,0.534031413612565,0,0.198123397802662,0.179329651001585,0
"sub03",0,3,40,22,18,0,0.55,0.45,0,0.167042772708969,0.164820333296019,0
"sub03",0,4,6,4,2,0,0.666666666666667,0.333333333333333,0,0.183325050049461,0.124989000149071,0
"sub03",0,5,1,1,0,0,1,0,0,0.225005799438804,0,0
"sub03",0.3,1,283,149,116,18,0.526501766784452,0.409893992932862,0.0636042402826855,0.176056585930938,0.154954927568003,0.136576822027564
"sub03",0.3,2,191,89,102,0,0.465968586387435,0.534031413612565,0,0.168254910157261,0.180227816693813,0
"sub03",0.3,3,41,21,19,1,0.51219512195122,0.463414634146341,0.024390243902439,0.173017695124838,0.0951790737576391,0.141675900202245
"sub03",0.3,4,3,1,2,0,0.333333333333333,0.666666666666667,0,0.0749811991117895,0.0624940497800708,0
"sub03",0.5,1,281,146,112,23,0.519572953736655,0.398576512455516,0.0818505338078292,0.174252895163117,0.159001404486064,0.130794052115601
"sub03",0.5,2,185,100,82,3,0.540540540540541,0.443243243243243,0.0162162162162162,0.171834089988843,0.195118182906654,0.0527594001032412
"sub03",0.5,3,44,19,19,6,0.431818181818182,0.431818181818182,0.136363636363636,0.113158205254494,0.187716068430362,0.0986035168170928
"sub03",0.5,4,3,1,2,0,0.333333333333333,0.666666666666667,0,0.0583249996416271,0.195844450267032,0
"sub03",0.7,1,283,140,100,43,0.49469964664311,0.353356890459364,0.151943462897526,0.175948577853186,0.155245487997308,0.120736279048372
"sub03",0.7,2,202,105,92,5,0.51980198019802,0.455445544554455,0.0247524752475248,0.159049261902415,0.166754816274118,0.145009920094162
"sub03",0.7,3,44,18,17,9,0.409090909090909,0.386363636363636,0.204545454545455,0.156943900019137,0.132342964739484,0.115747877810564
"sub03",0.7,4,8,3,4,1,0.375,0.5,0.125,0.191673066622267,0.112504950258881,0.283326900098473
"sub03",0.7,5,3,2,1,0,0.666666666666667,0.333333333333333,0,0.158314749831334,0.0249848002567887,0
"sub03",0.7,6,1,0,1,0,0,1,0,0,0.366747699212283,0
"sub03",0.85,1,280,129,86,65,0.460714285714286,0.307142857142857,0.232142857142857,0.190826189159163,0.157167875597817,0.144356733875779
"sub03",0.85,2,196,106,77,13,0.540816326530612,0.392857142857143,0.0663265306122449,0.177671704696105,0.164497994763365,0.137175469086147
"sub03",0.85,3,79,21,25,33,0.265822784810127,0.316455696202532,0.417721518987342,0.15436558086159,0.165666139964014,0.16640840903997
"sub03",0.85,4,20,5,4,11,0.25,0.2,0.55,0.108323640096933,0.164573825080879,0.146215400150554
"sub03",0.85,5,4,2,1,1,0.5,0.25,0.25,0.237480899784714,0.116687700152397,0.133336700033396
"sub03",0.85,6,2,2,0,0,1,0,0,0.0791762000881135,0,0
"sub03",0.95,1,279,142,77,60,0.508960573476703,0.275985663082437,0.21505376344086,0.187266793656229,0.159086464970772,0.154169899962532
"sub03",0.95,2,183,80,62,41,0.437158469945355,0.33879781420765,0.224043715846995,0.154265533824218,0.164382070978923,0.171540319442567
"sub03",0.95,3,73,21,25,27,0.287671232876712,0.342465753424658,0.36986301369863,0.183728319193636,0.172004739977419,0.136724070318181
"sub03",0.95,4,16,7,7,2,0.4375,0.4375,0.125,0.192874043115548,0.186893899925053,0.179200750077144
"sub03",0.95,5,5,3,0,2,0.6,0,0.4,0.174989133297155,0,0.237496999790892
"sub03",0.95,6,1,1,0,0,1,0,0,0.158308399841189,0,0
"sub04",0,1,281,158,123,0,0.562277580071174,0.437722419928826,0,0.235387651907273,0.228318516210803,0
"sub04",0,2,270,142,128,0,0.525925925925926,0.474074074074074,0,0.267485652840163,0.306830610920315,0
"sub04",0,3,216,106,110,0,0.490740740740741,0.509259259259259,0,0.268393414169039,0.28780010091207,0
"sub04",0,4,122,60,62,0,0.491803278688525,0.508196721311475,0,0.266800036661152,0.233603220999113,0
"sub04",0,5,40,20,20,0,0.5,0.5,0,0.208335195054679,0.273752259955654,0
"sub04",0,6,13,6,7,0,0.461538461538462,0.538461538461538,0,0.122213916617814,0.172619700099209,0
"sub04",0,7,5,2,3,0,0.4,0.6,0,0.387514299713075,0.163881533003102,0
"sub04",0,8,2,1,1,0,0.5,0.5,0,0.22498059971258,0.0333270994015038,0
"sub04",0,9,1,0,1,0,0,1,0,0,0.0250062998384237,0
"sub04",0,10,1,0,1,0,0,1,0,0,0.158329700119793,0
"sub04",0,11,1,1,0,0,1,0,0,0.583346100058407,0,0
"sub04",0.3,1,284,103,104,77,0.362676056338028,0.366197183098592,0.27112676056338,0.236077491302796,0.229326805793719,0.165045141617393
"sub04",0.3,2,276,137,136,3,0.496376811594203,0.492753623188406,0.0108695652173913,0.258817801488874,0.261147816186755,0.122215533241009
"sub04",0.3,3,249,127,122,0,0.51004016064257,0.48995983935743,0,0.288120754285762,0.29514837628908,0
"sub04",0.3,4,156,75,81,0,0.480769230769231,0.519230769230769,0,0.247663179957502,0.261108118465837,0
"sub04",0.3,5,55,28,26,1,0.509090909090909,0.472727272727273,0.0181818181818182,0.193161692901153,0.259289780781658,0.0499617992900312
"sub04",0.3,6,14,7,7,0,0.5,0.5,0,0.230948128652277,0.1666679573869,0
"sub04",0.3,7,7,0,7,0,0,1,0,0,0.177375614510051,0
"sub04",0.3,8,3,2,1,0,0.666666666666667,0.333333333333333,0,0.195838049985468,0.150013599544764,0
"sub04",0.3,9,1,1,0,0,1,0,0,0.200001399964094,0,0
"sub04",0.5,1,281,100,100,81,0.355871886120996,0.355871886120996,0.288256227758007,0.230582685014524,0.247416201021115,0.193824017315134
"sub04",0.5,2,274,145,115,14,0.529197080291971,0.41970802919708,0.0510948905109489,0.251491817937168,0.263834895662148,0.14464489985299
"sub04",0.5,3,247,117,125,5,0.473684210526316,0.506072874493927,0.0202429149797571,0.260109194874406,0.289130007209023,0.125011040177196
"sub04",0.5,4,165,71,84,10,0.43030303030303,0.509090909090909,0.0606060606060606,0.261028640866026,0.234322496424284,0.145826500044495
"sub04",0.5,5,75,28,38,9,0.373333333333333,0.506666666666667,0.12,0.258330074866535,0.194518886802191,0.201852822181536
"sub04",0.5,6,21,9,11,1,0.428571428571429,0.523809523809524,0.0476190476190476,0.181491699910516,0.170454463675428,0.0999880000017583
"sub04",0.5,7,3,1,1,1,0.333333333333333,0.333333333333333,0.333333333333333,0.533328799996525,0.200016099959612,0.174956399947405
"sub04",0.7,1,279,99,94,86,0.354838709677419,0.336917562724014,0.308243727598566,0.249070401027719,0.225175514959042,0.196220015079361
"sub04",0.7,2,274,140,110,24,0.510948905109489,0.401459854014599,0.0875912408759124,0.281486137827181,0.282799070009919,0.153477283330479
"sub04",0.7,3,237,103,103,31,0.434599156118143,0.434599156118143,0.130801687763713,0.258251801918112,0.256792823260749,0.192205771028849
"sub04",0.7,4,160,63,59,38,0.39375,0.36875,0.2375,0.226577792052662,0.237000715277075,0.164907834241795
"sub04",0.7,5,75,29,29,17,0.386666666666667,0.386666666666667,0.226666666666667,0.193387527652546,0.210914468896025,0.165688835324973
"sub04",0.7,6,29,12,12,5,0.413793103448276,0.413793103448276,0.172413793103448,0.211104383466591,0.216659591722419,0.189996379843797
"sub04",0.7,7,8,5,2,1,0.625,0.25,0.125,0.183324339985848,0.212492200080306,0.141642799600959
"sub04",0.7,8,5,1,3,1,0.2,0.6,0.2,0.100005600135773,0.227771633304656,0.2083452004008
"sub04",0.7,9,1,0,0,1,0,0,1,0,0,0.333342100027949
"sub04",0.7,10,1,0,1,0,0,1,0,0,0.158370399847627,0
"sub04",0.85,1,282,96,99,87,0.340425531914894,0.351063829787234,0.308510638297872,0.246698082316774,0.240070442479478,0.219445495409443
"sub04",0.85,2,274,132,101,41,0.481751824817518,0.368613138686131,0.14963503649635,0.281938306839782,0.243148572269497,0.217674290166143
"sub04",0.85,3,242,82,94,66,0.338842975206612,0.388429752066116,0.272727272727273,0.271948861012167,0.241397775519216,0.210095165125412
"sub04",0.85,4,174,52,73,49,0.298850574712644,0.419540229885057,0.281609195402299,0.249676940328824,0.247943539683921,0.220575981641875
"sub04",0.85,5,84,35,29,20,0.416666666666667,0.345238095238095,0.238095238095238,0.228094242849121,0.233335531033688,0.217496885095898
"sub04",0.85,6,30,13,14,3,0.433333333333333,0.466666666666667,0.1,0.198716553735162,0.183334528604714,0.144440399778735
"sub04",0.85,7,9,7,2,0,0.777777777777778,0.222222222222222,0,0.21547181409343,0.191668500192464,0
"sub04",0.85,8,3,0,2,1,0,0.666666666666667,0.333333333333333,0,0.0916702495887877,0.299999100156128
"sub04",0.85,9,1,0,1,0,0,1,0,0,0.050041800364852,0
"sub04",0.95,1,285,100,91,94,0.350877192982456,0.319298245614035,0.329824561403509,0.241081102967291,0.220420461510702,0.22730384892589
"sub04",0.95,2,272,117,93,62,0.430147058823529,0.341911764705882,0.227941176470588,0.280982426506876,0.255907216130146,0.239785819297287
"sub04",0.95,3,250,87,90,73,0.348,0.36,0.292,0.272505958585153,0.249623384469629,0.231498876696792
"sub04",0.95,4,186,58,60,68,0.311827956989247,0.32258064516129,0.365591397849462,0.251431270658063,0.223610354944443,0.224755042693954
"sub04",0.95,5,105,36,32,37,0.342857142857143,0.304761904761905,0.352380952380952,0.209717502798917,0.215887212499183,0.2222958026199
"sub04",0.95,6,35,13,10,12,0.371428571428571,0.285714285714286,0.342857142857143,0.243581753857702,0.141661660093814,0.207639816539692
"sub04",0.95,7,6,2,3,1,0.333333333333333,0.5,0.166666666666667,0.162488350179046,0.225002966665973,0.0833469005301595
"sub04",0.95,8,2,1,1,0,0.5,0.5,0,0.174997400026768,0.341637199744582,0
"sub04",0.95,9,1,0,0,1,0,0,1,0,0,0.0916619999334216
"sub05",0,1,284,144,140,0,0.507042253521127,0.492957746478873,0,0.200290301391265,0.187557348569567,0
"sub05",0,2,229,116,113,0,0.506550218340611,0.493449781659389,0,0.219606006883354,0.182298052194002,0
"sub05",0,3,69,34,35,0,0.492753623188406,0.507246376811594,0,0.198040435300397,0.209998122839914,0
"sub05",0,4,6,3,3,0,0.5,0.5,0,0.225005833160442,0.21666883338465,0
"sub05",0,5,2,2,0,0,1,0,0,0.295820550294593,0,0
"sub05",0.3,1,287,104,99,84,0.362369337979094,0.344947735191638,0.292682926829268,0.178204160529698,0.185436086853704,0.144942369038792
"sub05",0.3,2,253,148,95,10,0.58498023715415,0.375494071146245,0.0395256916996047,0.177757202677552,0.173944441072435,0.125004480047028
"sub05",0.3,3,99,34,62,3,0.343434343434343,0.626262626262626,0.0303030303030303,0.181126750055361,0.179835474232417,0.147216066551816
"sub05",0.3,4,23,9,13,1,0.391304347826087,0.565217391304348,0.0434782608695652,0.148146244530595,0.177564215390021,0.116653000470251
"sub05",0.3,5,4,3,0,1,0.75,0,0.25,0.269437933185448,0,0.125020599458367
"sub05",0.3,6,1,1,0,0,1,0,0,0.158290999941528,0,0
"sub05",0.3,7,1,0,1,0,0,1,0,0,0.21669409936294,0
"sub05",0.5,1,286,109,93,84,0.381118881118881,0.325174825174825,0.293706293706294,0.198928552288474,0.193276839786369,0.158436859493368
"sub05",0.5,2,245,138,91,16,0.563265306122449,0.371428571428571,0.0653061224489796,0.176382429002108,0.180401327452371,0.12343774372286
"sub05",0.5,3,103,34,61,8,0.330097087378641,0.592233009708738,0.0776699029126214,0.18333363528504,0.182508090180872,0.133340962480801
"sub05",0.5,4,25,12,10,3,0.48,0.4,0.12,0.13471879997553,0.129995610073206,0.141674666820715
"sub05",0.5,5,2,0,2,0,0,1,0,0,0.0833282999228687,0
"sub05",0.7,1,284,98,98,88,0.345070422535211,0.345070422535211,0.309859154929577,0.198551492833886,0.192345913244783,0.169416618171008
"sub05",0.7,2,249,129,92,28,0.518072289156627,0.369477911646586,0.112449799196787,0.158522878296397,0.167841447818141,0.130652496370979
"sub05",0.7,3,106,36,46,24,0.339622641509434,0.433962264150943,0.226415094339623,0.18217815834327,0.131339150035748,0.110764808316153
"sub05",0.7,4,25,5,11,9,0.2,0.44,0.36,0.173346959999162,0.182576318186059,0.127770122276464
"sub05",0.7,5,3,1,1,1,0.333333333333333,0.333333333333333,0.333333333333333,0.116663800086826,0.249993700068444,0.16666779993102
"sub05",0.7,6,1,1,0,0,1,0,0,0.3582563996315,0,0
"sub05",0.7,7,1,1,0,0,1,0,0,0.141666800249368,0,0
"sub05",0.7,8,1,0,1,0,0,1,0,0,0.283335100393742,0
"sub05",0.85,1,287,94,97,96,0.327526132404181,0.337979094076655,0.334494773519164,0.205048754226444,0.187455087632326,0.189148237529379
"sub05",0.85,2,248,117,95,36,0.471774193548387,0.383064516129032,0.145161290322581,0.15469884357484,0.150521241021537,0.139585361070942
"sub05",0.85,3,139,48,54,37,0.345323741007194,0.388489208633094,0.266187050359712,0.167357041711557,0.162652240699624,0.137388005401181
"sub05",0.85,4,32,10,5,17,0.3125,0.15625,0.53125,0.122504039893079,0.150002100132406,0.118130976414317
"sub05",0.85,5,4,4,0,0,1,0,0,0.168763274792582,0,0
"sub05",0.95,1,285,88,100,97,0.308771929824561,0.350877192982456,0.340350877192982,0.202931877284233,0.191499988003569,0.179894114423577
"sub05",0.95,2,255,122,73,60,0.47843137254902,0.286274509803922,0.235294117647059,0.155872900801857,0.152965378106596,0.152777633338216
"sub05",0.95,3,147,52,40,55,0.353741496598639,0.272108843537415,0.374149659863946,0.168588626971401,0.162703112386879,0.15408090366515
"sub05",0.95,4,34,10,13,11,0.294117647058824,0.382352941176471,0.323529411764706,0.164997680060992,0.13974452307052,0.206064500162029
"sub05",0.95,5,5,2,3,0,0.4,0.6,0,0.241674600256374,0.199995800076673,0
"sub05",0.95,6,2,2,0,0,1,0,0,0.287493200041354,0,0
"sub06",0,1,268,132,136,0,0.492537313432836,0.507462686567164,0,0.194570833351022,0.191053306630826,0
"sub06",0,2,207,100,107,0,0.483091787439614,0.516908212560386,0,0.258913500010967,0.214876757001735,0
"sub06",0,3,102,51,51,0,0.5,0.5,0,0.216339984276976,0.213234339216975,0
"sub06",0,4,47,26,21,0,0.553191489361702,0.446808510638298,0,0.22115787308296,0.239285814291742,0
"sub06",0,5,23,13,10,0,0.565217391304348,0.434782608695652,0,0.187192899772736,0.281662929907907,0
"sub06",0,6,8,4,4,0,0.5,0.5,0,0.249997850209184,0.166668174919323,0
"sub06",0,7,3,0,3,0,0,1,0,0,0.138892399971762,0
"sub06",0,8,1,0,1,0,0,1,0,0,0.108354400377721,0
"sub06",0.3,1,265,122,104,39,0.460377358490566,0.392452830188679,0.147169811320755,0.190845213929949,0.185497139419357,0.114097607701133
"sub06",0.3,2,221,100,119,2,0.452488687782805,0.538461538461538,0.00904977375565611,0.22574429099157,0.195304790744803,0.054178949969355
"sub06",0.3,3,120,53,58,9,0.441666666666667,0.483333333333333,0.075,0.243235788701809,0.217812487925303,0.126848222228647
"sub06",0.3,4,61,30,26,5,0.491803278688525,0.426229508196721,0.0819672131147541,0.230276906688232,0.20832740383272,0.108337299950654
"sub06",0.3,5,20,9,9,2,0.45,0.45,0.1,0.202783877728507,0.201850222242582,0.129171900029178
"sub06",0.3,6,5,2,2,1,0.4,0.4,0.2,0.116649700095877,0.433320450247266,0.1417001998052
"sub06",0.3,7,1,0,1,0,0,1,0,0,0.125006400048733,0
"sub06",0.5,1,262,106,101,55,0.404580152671756,0.385496183206107,0.209923664122137,0.185535482098546,0.189355127751714,0.139996816327965
"sub06",0.5,2,207,107,95,5,0.516908212560386,0.458937198067633,0.0241545893719807,0.218689088746916,0.183771881031632,0.114998440124327
"sub06",0.5,3,116,49,45,22,0.422413793103448,0.387931034482759,0.189655172413793,0.229248616330644,0.207779140015676,0.120454945371338
"sub06",0.5,4,59,24,28,7,0.406779661016949,0.474576271186441,0.11864406779661,0.23194632922241,0.219346914283441,0.138089642826734
"sub06",0.5,5,31,17,9,5,0.548387096774194,0.290322580645161,0.161290322580645,0.204404635252157,0.231477688897737,0.148326499952236
"sub06",0.5,6,10,5,4,1,0.5,0.4,0.1,0.161664100049529,0.206235050223768,0.0666968000296038
"sub06",0.5,7,4,1,3,0,0.25,0.75,0,0.0500230002216995,0.158318399917334,0
"sub06",0.7,1,252,100,92,60,0.396825396825397,0.365079365079365,0.238095238095238,0.213420175007486,0.196098884772927,0.155828911649102
"sub06",0.7,2,191,100,77,14,0.523560209424084,0.403141361256544,0.0732984293193717,0.19941282096348,0.175317598690503,0.114281835724666
"sub06",0.7,3,132,37,48,47,0.28030303030303,0.363636363636364,0.356060606060606,0.221839059455748,0.214408979127863,0.139541834044181
"sub06",0.7,4,69,27,27,15,0.391304347826087,0.391304347826087,0.217391304347826,0.201543992582528,0.227471403653638,0.147223593350888
"sub06",0.7,5,36,21,6,9,0.583333333333333,0.166666666666667,0.25,0.228572609518388,0.206934133350539,0.155550022221481
"sub06",0.7,6,14,5,8,1,0.357142857142857,0.571428571428571,0.0714285714285714,0.15166787999915,0.14686461252495,0.233342600055039
"sub06",0.7,7,4,1,2,1,0.25,0.5,0.25,0.075027100276202,0.129165300008026,0.324949299974833
"sub06",0.85,1,268,102,96,70,0.380597014925373,0.358208955223881,0.261194029850746,0.205636350993825,0.204858700032067,0.167974157160331
"sub06",0.85,2,221,115,66,40,0.520361990950226,0.298642533936652,0.180995475113122,0.189054622606668,0.161738812134982,0.148747974984144
"sub06",0.85,3,155,36,57,62,0.232258064516129,0.367741935483871,0.4,0.237032972236597,0.202039280731186,0.160480006445845
"sub06",0.85,4,92,42,29,21,0.456521739130435,0.315217391304348,0.228260869565217,0.227176002453364,0.234194096519034,0.178573109536609
"sub06",0.85,5,50,23,20,7,0.46,0.4,0.14,0.215575491354052,0.200836739962688,0.158331600113473
"sub06",0.85,6,17,6,8,3,0.352941176470588,0.470588235294118,0.176470588235294,0.250005600013537,0.198956412663392,0.119433800030189
"sub06",0.85,7,8,4,4,0,0.5,0.5,0,0.249993949953932,0.218756675036275,0
"sub06",0.85,8,3,2,1,0,0.666666666666667,0.333333333333333,0,0.175001650248305,0.150002699811012,0
"sub06",0.95,1,265,101,85,79,0.381132075471698,0.320754716981132,0.29811320754717,0.197438201005167,0.189607481139041,0.181852408856834
"sub06",0.95,2,206,83,67,56,0.402912621359223,0.325242718446602,0.271844660194175,0.180519455445282,0.170397173137658,0.159969757111997
"sub06",0.95,3,158,52,54,52,0.329113924050633,0.341772151898734,0.329113924050633,0.219067061534308,0.173608896286977,0.189096805778928
"sub06",0.95,4,104,33,43,28,0.317307692307692,0.413461538461538,0.269230769230769,0.228027739396291,0.201937083741054,0.215181899982521
"sub06",0.95,5,63,29,16,18,0.46031746031746,0.253968253968254,0.285714285714286,0.252294634536093,0.197400468761771,0.220359900041432
"sub06",0.95,6,28,8,12,8,0.285714285714286,0.428571428571429,0.285714285714286,0.264567487600289,0.193752891684805,0.231241400135332
"sub06",0.95,7,10,5,2,3,0.5,0.2,0.3,0.186656780063641,0.191620049765333,0.227771566783
"sub06",0.95,8,3,2,0,1,0.666666666666667,0,0.333333333333333,0.162499599624425,0,0.283352400176227
"sub06",0.95,9,1,1,0,0,1,0,0,0.258323500398546,0,0
"sub07",0,1,250,135,115,0,0.54,0.46,0,0.20944053110617,0.196516035657133,0
"sub07",0,2,211,98,113,0,0.464454976303318,0.535545023696682,0,0.277717764279092,0.248964821240237,0
"sub07",0,3,58,32,26,0,0.551724137931034,0.448275862068966,0,0.185421918760312,0.167950450006174,0
"sub07",0,4,10,4,6,0,0.4,0.6,0,0.245829425017291,0.166659866692498,0
"sub07",0,5,1,0,1,0,0,1,0,0,0.374993300181814,0
"sub07",0.3,1,261,130,109,22,0.498084291187739,0.417624521072797,0.0842911877394636,0.208520572309946,0.19518039540848,0.124997577260233
"sub07",0.3,2,208,100,107,1,0.480769230769231,0.514423076923077,0.00480769230769231,0.274828951995733,0.231143326165506,0.208314999996219
"sub07",0.3,3,72,40,31,1,0.555555555555556,0.430555555555556,0.0138888888888889,0.226037547498709,0.198926074187658,0.225026700063609
"sub07",0.3,4,5,1,4,0,0.2,0.8,0,0.0833161000045948,0.114572599984967,0
"sub07",0.5,1,254,127,91,36,0.5,0.358267716535433,0.141732283464567,0.213249502366791,0.224719703290388,0.137262558335351
"sub07",0.5,2,208,106,94,8,0.509615384615385,0.451923076923077,0.0384615384615385,0.222791937733385,0.256556853199653,0.188537949985402
"sub07",0.5,3,73,26,36,11,0.356164383561644,0.493150684931507,0.150684931506849,0.17243019230619,0.226848352778891,0.154546127251127
"sub07",0.5,4,17,10,5,2,0.588235294117647,0.294117647058824,0.117647058823529,0.175838420000218,0.230007159977686,0.0708515999940573
"sub07",0.5,5,5,2,2,1,0.4,0.4,0.2,0.0958432999905197,0.191659799980698,0.141661799978465
"sub07",0.7,1,255,115,87,53,0.450980392156863,0.341176470588235,0.207843137254902,0.209051907816193,0.194533351720973,0.179087035846128
"sub07",0.7,2,211,109,87,15,0.516587677725118,0.412322274881517,0.0710900473933649,0.208177239458272,0.211398102290227,0.156667346665442
"sub07",0.7,3,84,24,38,22,0.285714285714286,0.452380952380952,0.261904761904762,0.209724337504667,0.216445378950754,0.159465509083847
"sub07",0.7,4,17,7,7,3,0.411764705882353,0.411764705882353,0.176470588235294,0.152376342841308,0.238093771427105,0.0888716000093458
"sub07",0.7,5,1,0,1,0,0,1,0,0,0.0833252999873366,0
"sub07",0.85,1,249,114,81,54,0.457831325301205,0.325301204819277,0.216867469879518,0.22799472631085,0.194338029626697,0.183480122226346
"sub07",0.85,2,202,96,77,29,0.475247524752475,0.381188118811881,0.143564356435644,0.200170554166107,0.208115022084842,0.167808599996878
"sub07",0.85,3,91,25,25,41,0.274725274725275,0.274725274725275,0.450549450549451,0.216995844008634,0.188670728014549,0.188410739026461
"sub07",0.85,4,24,12,6,6,0.5,0.25,0.25,0.169437258328496,0.241677016626151,0.194434649985245
"sub07",0.85,5,2,2,0,0,1,0,0,0.0416628499515355,0,0
"sub07",0.95,1,259,100,80,79,0.386100386100386,0.308880308880309,0.305019305019305,0.225995060005807,0.19937039624765,0.186387565820456
"sub07",0.95,2,222,107,64,51,0.481981981981982,0.288288288288288,0.22972972972973,0.193299014957417,0.179037006254248,0.194771072544516
"sub07",0.95,3,114,27,49,38,0.236842105263158,0.429824561403509,0.333333333333333,0.209254529618731,0.190644340825443,0.203942378953415
"sub07",0.95,4,25,9,9,7,0.36,0.36,0.28,0.165737999994437,0.270361466663114,0.145229214259806
"sub07",0.95,5,4,3,0,1,0.75,0,0.25,0.169451533292886,0,0.266657699947245
"sub08",0,1,284,142,142,0,0.5,0.5,0,0.276579902815927,0.261852804928424,0
"sub08",0,2,224,118,106,0,0.526785714285714,0.473214285714286,0,0.289541716944753,0.28537177075555,0
"sub08",0,3,91,52,39,0,0.571428571428571,0.428571428571429,0,0.268907280780975,0.231620905127224,0
"sub08",0,4,30,11,19,0,0.366666666666667,0.633333333333333,0,0.213638263631517,0.203940394735056,0
"sub08",0,5,13,5,8,0,0.384615384615385,0.615384615384615,0,0.221656380002969,0.202081849976821,0
"sub08",0,6,3,3,0,0,1,0,0,0.275004533328077,0,0
"sub08",0.3,1,285,132,104,49,0.463157894736842,0.364912280701754,0.171929824561404,0.247599141664757,0.253843693270168,0.130609142857459
"sub08",0.3,2,244,125,115,4,0.512295081967213,0.471311475409836,0.0163934426229508,0.290262843997101,0.257389466952325,0.177078000004258
"sub08",0.3,3,83,37,43,3,0.44578313253012,0.518072289156627,0.036144578313253,0.240535502699581,0.237208695344148,0.119440333355063
"sub08",0.3,4,22,10,12,0,0.454545454545455,0.545454545454545,0,0.163333330009482,0.181249524996626,0
"sub08",0.3,5,3,1,2,0,0.333333333333333,0.666666666666667,0,0.0666671000071801,0.108330750023015,0
"sub08",0.3,6,1,0,1,0,0,1,0,0,0.15000600006897,0
"sub08",0.3,7,1,1,0,0,1,0,0,0.083334399969317,0,0
"sub08",0.5,1,283,115,106,62,0.406360424028269,0.374558303886926,0.219081272084806,0.245795126090019,0.251412650948761,0.166131612906259
"sub08",0.5,2,255,142,109,4,0.556862745098039,0.427450980392157,0.0156862745098039,0.289316928169721,0.253893068806165,0.110416800031089
"sub08",0.5,3,117,39,65,13,0.333333333333333,0.555555555555556,0.111111111111111,0.238248102569159,0.214360049227924,0.177562784631916
"sub08",0.5,4,35,18,14,3,0.514285714285714,0.4,0.0857142857142857,0.231938877758189,0.202981121436876,0.136075166674952
"sub08",0.5,5,7,2,5,0,0.285714285714286,0.714285714285714,0,0.404156300020986,0.18332856001216,0
"sub08",0.5,6,4,4,0,0,1,0,0,0.160420749998593,0,0
"sub08",0.7,1,284,106,97,81,0.373239436619718,0.341549295774648,0.285211267605634,0.247320561323816,0.238227192783241,0.189916024697595
"sub08",0.7,2,252,134,109,9,0.531746031746032,0.432539682539683,0.0357142857142857,0.255903885821219,0.255731552289377,0.159256977758357
"sub08",0.7,3,130,51,48,31,0.392307692307692,0.369230769230769,0.238461538461538,0.232680145099841,0.246868558330182,0.160746532248712
"sub08",0.7,4,36,12,15,9,0.333333333333333,0.416666666666667,0.25,0.261797349999445,0.241658973360124,0.124071588875571
"sub08",0.7,5,11,5,3,3,0.454545454545455,0.272727272727273,0.272727272727273,0.218339099996956,0.216668333344084,0.080570499994792
"sub08",0.85,1,283,103,98,82,0.363957597173145,0.346289752650177,0.289752650176678,0.241743331073893,0.24744252041006,0.216563787798272
"sub08",0.85,2,254,146,78,30,0.574803149606299,0.307086614173228,0.118110236220472,0.270431206165633,0.252349341030379,0.216103126658709
"sub08",0.85,3,142,45,61,36,0.316901408450704,0.429577464788732,0.253521126760563,0.226662579999215,0.226094421308457,0.212500355562952
"sub08",0.85,4,54,15,18,21,0.277777777777778,0.333333333333333,0.388888888888889,0.188332826663585,0.208341061108513,0.191266466659034
"sub08",0.85,5,16,8,3,5,0.5,0.1875,0.3125,0.214586287514976,0.138864733336959,0.141676879962324
"sub08",0.85,6,3,0,1,2,0,0.333333333333333,0.666666666666667,0,0.0583417000016198,0.21666689999256
"sub08",0.85,7,3,1,2,0,0.333333333333333,0.666666666666667,0,0.0833560000173748,0.191674449997663,0
"sub08",0.95,1,283,104,83,96,0.367491166077739,0.293286219081272,0.339222614840989,0.266262274033859,0.231119909637056,0.2365448291683
"sub08",0.95,2,249,109,77,63,0.437751004016064,0.309236947791165,0.253012048192771,0.272319614684312,0.249675657153969,0.240208739695917
"sub08",0.95,3,146,52,59,35,0.356164383561644,0.404109589041096,0.23972602739726,0.254482453844293,0.239690684743514,0.219521902861639
"sub08",0.95,4,61,20,23,18,0.327868852459016,0.377049180327869,0.295081967213115,0.172913270011486,0.192383591320401,0.205552744464916
"sub08",0.95,5,22,8,12,2,0.363636363636364,0.545454545454545,0.0909090909090909,0.205194712512821,0.199305591681574,0.158315900043818
"sub08",0.95,6,5,0,3,2,0,0.6,0.4,0,0.14444926668269,0.200001450051786
"sub08",0.95,7,1,0,1,0,0,1,0,0,0.133338399988133,0
"sub08",0.95,8,1,1,0,0,1,0,0,0.324990999943111,0,0
"sub08",0.95,9,1,1,0,0,1,0,0,0.183335900015663,0,0
"sub09",0,1,287,144,143,0,0.501742160278746,0.498257839721254,0,0.237903098620639,0.236131841259019,0
"sub09",0,2,260,130,130,0,0.5,0.5,0,0.275184066143209,0.243714892310807,0
"sub09",0,3,103,50,53,0,0.485436893203884,0.514563106796116,0,0.257829052011948,0.237414371685722,0
"sub09",0,4,20,12,8,0,0.6,0.4,0,0.170136191663914,0.182284387556138,0
"sub09",0,5,4,1,3,0,0.25,0.75,0,0.0833467997144908,0.105555399980706,0
"sub09",0.3,1,287,104,108,75,0.362369337979094,0.376306620209059,0.261324041811847,0.231972274043073,0.234183114799197,0.125773900006122
"sub09",0.3,2,272,142,120,10,0.522058823529412,0.441176470588235,0.0367647058823529,0.25187093380045,0.240761057508644,0.129158850043314
"sub09",0.3,3,140,67,69,4,0.478571428571429,0.492857142857143,0.0285714285714286,0.231711967193188,0.194321792756639,0.108326500034309
"sub09",0.3,4,35,15,20,0,0.428571428571429,0.571428571428571,0,0.196669886695842,0.199159375022282,0
"sub09",0.3,5,5,4,1,0,0.8,0.2,0,0.0791810249793344,0.283330600010231,0
"sub09",0.5,1,286,98,98,90,0.342657342657343,0.342657342657343,0.314685314685315,0.243024468353631,0.245156425536653,0.156573514443072
"sub09",0.5,2,263,132,118,13,0.501901140684411,0.448669201520913,0.0494296577946768,0.255868781811318,0.239753986417288,0.151271884625133
"sub09",0.5,3,136,64,70,2,0.470588235294118,0.514705882352941,0.0147058823529412,0.249865850001697,0.205832751423752,0.120797650073655
"sub09",0.5,4,41,20,18,3,0.48780487804878,0.439024390243902,0.0731707317073171,0.193745934980689,0.151853172189375,0.086117233382538
"sub09",0.5,5,6,3,3,0,0.5,0.5,0,0.124994399957359,0.26666443325424,0
"sub09",0.7,1,282,103,97,82,0.365248226950355,0.343971631205674,0.290780141843972,0.236322927188119,0.233418614427756,0.205282707327392
"sub09",0.7,2,257,127,104,26,0.494163424124514,0.404669260700389,0.101167315175097,0.256686896846105,0.234214615359983,0.15640984230245
"sub09",0.7,3,139,60,69,10,0.431654676258993,0.496402877697842,0.0719424460431655,0.228056534987991,0.219798428979972,0.16666067003971
"sub09",0.7,4,44,23,13,8,0.522727272727273,0.295454545454545,0.181818181818182,0.189135273943817,0.181410292333637,0.116666337438801
"sub09",0.7,5,6,2,2,2,0.333333333333333,0.333333333333333,0.333333333333333,0.170842399878893,0.133330099866726,0.200000000069849
"sub09",0.7,6,1,0,0,1,0,0,1,0,0,0.024982100003399
"sub09",0.85,1,287,99,97,91,0.344947735191638,0.337979094076655,0.317073170731707,0.235095474762593,0.240464495882013,0.209065443942973
"sub09",0.85,2,251,110,94,47,0.438247011952191,0.374501992031873,0.187250996015936,0.259540893646507,0.230492581910592,0.19290613404604
"sub09",0.85,3,130,59,54,17,0.453846153846154,0.415384615384615,0.130769230769231,0.23403899152408,0.193674425918963,0.16470176467042
"sub09",0.85,4,36,10,16,10,0.277777777777778,0.444444444444444,0.277777777777778,0.23500110997702,0.19218984373947,0.170829570031492
"sub09",0.85,5,8,2,2,4,0.25,0.25,0.5,0.0833170500991402,0.124986300012097,0.154165650019422
"sub09",0.85,6,1,0,1,0,0,1,0,0,0.0333185000345111,0
"sub09",0.95,1,284,97,93,94,0.341549295774648,0.327464788732394,0.330985915492958,0.245701906193869,0.246502312916702,0.223933591496848
"sub09",0.95,2,258,104,83,71,0.403100775193798,0.321705426356589,0.275193798449612,0.264739799989911,0.253410821685186,0.211138245051982
"sub09",0.95,3,135,54,36,45,0.4,0.266666666666667,0.333333333333333,0.241045961106903,0.21434748056183,0.21740377552471
"sub09",0.95,4,43,17,14,12,0.395348837209302,0.325581395348837,0.27906976744186,0.169605982315261,0.232144692846175,0.154165858300985
"sub09",0.95,5,7,2,2,3,0.285714285714286,0.285714285714286,0.428571428571429,0.145845549996011,0.270816549949814,0.172207666638618
"sub09",0.95,6,3,0,3,0,0,1,0,0,0.133348600026996,0
"sub10",0,1,283,155,128,0,0.547703180212014,0.452296819787986,0,0.136718421922095,0.123175614827232,0
"sub10",0,2,192,99,93,0,0.515625,0.484375,0,0.155805009100915,0.156806017195816,0
"sub10",0,3,37,18,19,0,0.486486486486487,0.513513513513513,0,0.114809749984286,0.158766036834813,0
"sub10",0,4,4,2,2,0,0.5,0.5,0,0.224984350090381,0.229153549997136,0
"sub10",0,5,1,1,0,0,1,0,0,0.108295200159773,0,0
"sub10",0.3,1,278,138,119,21,0.496402877697842,0.428057553956835,0.0755395683453237,0.123185991323081,0.119395852085015,0.0547546381130815
"sub10",0.3,2,191,101,90,0,0.528795811518325,0.471204188481675,0,0.165262044551506,0.152313606638927,0
"sub10",0.3,3,32,12,19,1,0.375,0.59375,0.03125,0.158336666635781,0.12061250523517,0.100011800066568
"sub10",0.3,4,3,2,1,0,0.666666666666667,0.333333333333333,0,0.108341150102206,0.266672499827109,0
"sub10",0.5,1,278,143,103,32,0.514388489208633,0.370503597122302,0.115107913669065,0.131527409806581,0.118446880579673,0.0648406843392877
"sub10",0.5,2,197,97,99,1,0.49238578680203,0.50253807106599,0.0050761421319797,0.156525779366685,0.140484676757508,0.116665900452062
"sub10",0.5,3,37,13,15,9,0.351351351351351,0.405405405405405,0.243243243243243,0.129484415457297,0.126668533318055,0.113892666685084
"sub10",0.5,4,1,1,0,0,1,0,0,0.0250005999114364,0,0
"sub10",0.7,1,280,120,95,65,0.428571428571429,0.339285714285714,0.232142857142857,0.135828143376663,0.127980118943378,0.0860222169162276
"sub10",0.7,2,187,97,81,9,0.518716577540107,0.433155080213904,0.0481283422459893,0.141491238133425,0.13672972840464,0.0962889000074938
"sub10",0.7,3,47,11,19,17,0.234042553191489,0.404255319148936,0.361702127659574,0.111363827261481,0.141236473677533,0.129890311707962
"sub10",0.7,4,10,6,2,2,0.6,0.2,0.2,0.0791599498867678,0.17916805006098,0.104164950025734
"sub10",0.85,1,279,119,89,71,0.426523297491039,0.318996415770609,0.254480286738351,0.147966110091774,0.116660950548445,0.102583736623965
"sub10",0.85,2,192,101,71,20,0.526041666666667,0.369791666666667,0.104166666666667,0.14067187920411,0.136028354926835,0.119584929989651
"sub10",0.85,3,62,12,24,26,0.193548387096774,0.387096774193548,0.419354838709677,0.185415691657302,0.111801145821422,0.121789938403079
"sub10",0.85,4,10,3,5,2,0.3,0.5,0.2,0.216662166640163,0.124996220041066,0.0999963999493046
"sub10",0.85,5,1,0,0,1,0,0,1,0,0,0.0499964001355693
"sub10",0.95,1,277,110,89,78,0.397111913357401,0.32129963898917,0.28158844765343,0.142723684552634,0.120598778664919,0.11281795896148
"sub10",0.95,2,197,95,62,40,0.482233502538071,0.314720812182741,0.203045685279188,0.142627061044454,0.146903156449327,0.129587259990512
"sub10",0.95,3,80,25,32,23,0.3125,0.4,0.2875,0.139660991993733,0.13828132186245,0.130075717430926
"sub10",0.95,4,18,7,2,9,0.388888888888889,0.111111111111111,0.5,0.209519885679973,0.0749811999849044,0.106479833277667
"sub10",0.95,5,2,1,1,0,0.5,0.5,0,0.0666694999672472,0.199987700092606,0
